[
    {
        "timestamp": "2024-09-02 01:00:00",
        "unitConsumption": 444902.375
    },
    {
        "timestamp": "2024-09-03 01:00:00",
        "unitConsumption": 436417.9375
    },
    {
        "timestamp": "2024-09-04 01:00:00",
        "unitConsumption": 409621.53125
    },
    {
        "timestamp": "2024-09-05 01:00:00",
        "unitConsumption": 409367.21875
    },
    {
        "timestamp": "2024-09-06 01:00:00",
        "unitConsumption": 391046.15625
    },
    {
        "timestamp": "2024-09-07 01:00:00",
        "unitConsumption": 389680.375
    },
    {
        "timestamp": "2024-09-08 01:00:00",
        "unitConsumption": 381115.21875
    },
    {
        "timestamp": "2024-09-09 01:00:00",
        "unitConsumption": 382317.4375
    },
    {
        "timestamp": "2024-09-10 01:00:00",
        "unitConsumption": 371723.25
    },
    {
        "timestamp": "2024-09-11 01:00:00",
        "unitConsumption": 371018.5
    },
    {
        "timestamp": "2024-09-12 01:00:00",
        "unitConsumption": 377287.6875
    },
    {
        "timestamp": "2024-09-13 01:00:00",
        "unitConsumption": 374494.25
    },
    {
        "timestamp": "2024-09-14 01:00:00",
        "unitConsumption": 366588.15625
    },
    {
        "timestamp": "2024-09-15 01:00:00",
        "unitConsumption": 378135.125
    },
    {
        "timestamp": "2024-09-16 01:00:00",
        "unitConsumption": 360740.6875
    },
    {
        "timestamp": "2024-09-17 01:00:00",
        "unitConsumption": 376826.46875
    },
    {
        "timestamp": "2024-09-18 01:00:00",
        "unitConsumption": 350989.34375
    },
    {
        "timestamp": "2024-09-19 01:00:00",
        "unitConsumption": 357138.625
    },
    {
        "timestamp": "2024-09-20 01:00:00",
        "unitConsumption": 361722.875
    },
    {
        "timestamp": "2024-09-21 01:00:00",
        "unitConsumption": 372178.9375
    },
    {
        "timestamp": "2024-09-22 01:00:00",
        "unitConsumption": 361118.28125
    },
    {
        "timestamp": "2024-09-23 01:00:00",
        "unitConsumption": 368403.875
    },
    {
        "timestamp": "2024-09-24 01:00:00",
        "unitConsumption": 371444.03125
    },
    {
        "timestamp": "2024-09-25 01:00:00",
        "unitConsumption": 367501.125
    },
    {
        "timestamp": "2024-09-26 01:00:00",
        "unitConsumption": 364279.0
    },
    {
        "timestamp": "2024-09-27 01:00:00",
        "unitConsumption": 372642.4375
    },
    {
        "timestamp": "2024-09-28 01:00:00",
        "unitConsumption": 358252.15625
    },
    {
        "timestamp": "2024-09-29 01:00:00",
        "unitConsumption": 372135.6875
    },
    {
        "timestamp": "2024-09-30 01:00:00",
        "unitConsumption": 353300.71875
    },
    {
        "timestamp": "2024-09-31 01:00:00",
        "unitConsumption": 361995.4375
    },
    {
        "timestamp": "2024-10-01 01:00:00",
        "unitConsumption": 356945.21875
    }
]
